id,embedding_parent,participants
1,"[0.09999999999999999, 0.19999999999999998]","[0, 1, 2, 3, 4, 5, 6, 7, 8, 9, 10]"
