id,embedding_parent,participants
1,"[0.10000000000000002, 0.20000000000000004]","[0, 1, 2]"
